Año,Mes,Leads,Efectivos,Ventas Reportadas,Obj Ventas,Ventas Real,% CAL,Obj Conversion,Conversion,% CAL,Obj UN,UN,%  CAL,Obj SDC,SDC,%  CAL,Autorizadas,Formalizado,Contado,Credito,% Autorizadas,% Formalizadas,Obj PDM,PDM,%  CAL,% / Conversion Venta- PDM,Variacion,Lead / Venta,Flotillas,RDC,Obj Marca,Cumpliento,% Formalizadas / Autorizadas,Proyeccion,Diferencia
2024,Febrero,543,389,12,20,12,60%,3.5%,3.08%,88%,,,0,10,6,60%,2,1,10,1,33.33%,16.67%,25,24,96%,50%,,45.3,,,,0%,50%,,
2024,Marzo,178,128,7,20,7,35%,3.5%,5.47%,156%,,,0,10,11,110%,7,5,4,3,63.64%,45.45%,30,25,83%,28%,-41.7%,25.4,,,,0%,71%,,
2024,Abril,416,288,8,20,8,40%,3.5%,2.78%,79%,,,0,15,23,153%,14,11,2,6,60.87%,47.83%,35,35,100%,23%,14.3%,52.0,,,,0%,79%,,
2024,Mayo,422,274,13,20,13,65%,3.5%,4.74%,136%,,,0,15,26,173%,8,3,3,10,30.77%,11.54%,55,54,98%,24%,62.5%,32.5,,,,0%,38%,,
2024,Junio,967,620,6,20,6,30%,3.5%,0.97%,28%,,,0,25,43,172%,13,6,0,6,30.23%,13.95%,50,54,108%,11%,-53.8%,161.2,,,,0%,46%,,
2024,Julio,954,570,21,20,21,105%,3.5%,3.68%,105%,,,0,35,55,157%,30,17,7,14,54.55%,30.91%,55,58,105%,36%,250.0%,45.4,,,,0%,57%,22,-1
2024,Agosto,"1,409",546,17,20,17,85%,3.5%,3.11%,89%,,,0,35,36,103%,19,9,2,15,52.78%,25.00%,75,61,81%,28%,-19.0%,82.9,,,,0%,47%,21,-4
2024,Septiembre,"1,315",530,17,20,17,85%,3.7%,3.21%,87%,,,0,40,56,140%,26,7,6,11,46.43%,12.50%,70,75,107%,23%,0.0%,77.4,,,,0%,27%,20,-3
2024,Octubre,"1,973",822,23,20,23,115%,3.0%,2.80%,93%,,,0,70,79,113%,31,14,2,21,39.24%,17.72%,85,57,67%,40%,35.3%,85.8,,,,0%,45%,31,-8
2024,Noviembre,"1,562","1,040",22,25,22,88%,3.0%,2.12%,71%,,,0,75,76,101%,25,14,4,18,32.89%,18.42%,90,92,102%,24%,-4.3%,71.0,,,,0%,56%,40,-18
2024,Diciembre,"1,282",965,32,30,32,107%,3.0%,3.32%,111%,,,0,85,103,121%,39,17,2,30,37.86%,16.50%,90,95,106%,34%,45.5%,40.1,,,,0%,44%,37,-5
2025,Enero,"1,042",723,26,30,26,87%,3.5%,3.60%,103%,,,0,80,83,104%,30,19,3,23,36.14%,22.89%,90,89,99%,29%,-18.8%,40.1,,,,0%,63%,28,-2
2025,Febrero,561,468,20,25,20,80%,4.0%,4.27%,107%,,,0,85,76,89%,27,12,2,18,35.53%,15.79%,95,101,106%,20%,-23.1%,28.1,,,,0%,44%,18,2
2025,Marzo,925,731,30,25,30,120%,4.0%,4.10%,103%,,,0,90,92,102%,31,20,5,25,33.70%,21.74%,95,77,81%,39%,50.0%,30.8,,,,0%,65%,28,2
2025,Abril,"1,149",872,30,30,30,100%,4.0%,3.44%,86%,,,0,80,59,74%,35,17,7,21,59.32%,28.81%,100,81,81%,37%,0.0%,38.3,,,,0%,49%,33,-3
2025,Mayo,815,693,34,30,34,113%,4.0%,4.91%,123%,,,0,85,76,89%,40,19,6,30,52.63%,25.00%,100,127,127%,27%,13.3%,24.0,,,,0%,48%,26,8
2025,Junio,"1,083",694,40,35,40,114%,4.5%,5.76%,128%,,,0,85,97,114%,46,25,6,34,47.42%,25.77%,115,111,97%,36%,17.6%,27.1,,,,0%,54%,26,14
2025,Julio,"1,358",893,36,35,36,103%,4.2%,4.03%,96%,,,0,100,104,104%,41,21,8,31,39.42%,20.19%,125,127,102%,28%,-10.0%,37.7,,,,0%,51%,34,2
2025,Agosto,"1,419",624,27,35,27,77%,4.2%,4.33%,103%,,,0,90,99,110%,27,13,5,22,27.27%,13.13%,128,123,96%,22%,-25.0%,52.6,,92%,,0%,48%,24,3
2025,Septiembre,"1,100",660,38,38,41,108%,4.5%,6.21%,138%,,,0,125,127,102%,43,25,9,32,33.86%,19.69%,130,116,89%,33%,40.7%,28.9,,102%,,0%,58%,25,13
2025,Octubre,"1,192",695,40,39,40,103%,4.5%,5.76%,128%,,,0,130,136,105%,51,25,7,32,37.50%,18.38%,127,154,121%,26%,5.3%,29.8,,104%,,0%,49%,27,
2025,Noviembre,"1,061",744,41,40,42,105%,4.5%,5.65%,125%,,,0,115,118,103%,49,24,7,37,41.53%,20.34%,117,116,99%,35%,2.5%,25.9,,100%,,0%,49%,,
2025,Diciembre,"1,534",729,31,40,34,85%,4.5%,4.66%,104%,,,0,110,111,101%,31,14,11,23,27.93%,12.61%,125,130,104%,24%,-24.4%,49.5,,91%,,0%,45%,,
2026,Enero,"1,516",714,37,40,38,95%,4.5%,5.32%,118%," $851,125.00 "," $444,580.00 ",52%,110,113,103%,36,21,5,30,31.86%,18.58%,148,148,100%,25%,19.4%,41.0,10,94%,37,103%,58%,,
2026,Febrero,"1,235",730,32,38,30,79%,4.5%,4.11%,91%," $701,365.00 "," $1,333,025.00 ",190%,115,83,72%,37,17,9,25,44.58%,20.48%,161,109,68%,29%,-13.5%,38.6,,76%,35,86%,46%,,
2026,Marzo,"1,785",944,38,40,41,103%,4.5%,4.34%,97%," $813,685.00 "," $1,381,175.00 ",170%,120,85,71%,41,18,7,34,48.24%,21.18%,124,118,95%,32%,18.8%,47.0,7,85%,36,114%,44%,,
2026,Abril,"1,393",724,39,40,41,103%,4.5%,5.66%,126%," $738,805.00 "," $1,347,730.00 ",182%,103,74,72%,41,16,8,33,55.41%,21.62%,103,117,114%,33%,2.6%,35.7,8,93%,30,137%,39%,,
2026,Mayo,"1,251",736,35,40,35,88%,4.5%,4.76%,106%," $926,005.00 "," $850,931.00 ",92%,115,95,83%,45,19,7,29,47.37%,20.00%,126,142,113%,25%,-10.3%,35.7,,92%,38,92%,42%,,
2026,Junio,"1,315",754,37,40,37,93%,4.5%,4.91%,109%," $1,075,765.00 "," $1,371,701.00 ",128%,105,82,78%,35,12,14,26,42.68%,14.63%,142,128,90%,29%,5.7%,35.5,5,91%,42,88%,34%,,
2026,Julio,520,282,33,40,33,83%,4.5%,11.70%,260%," $1,150,645.00 ",,0%,109,30,28%,10,2,1,6,33.33%,6.67%,138,51,37%,65%,-10.8%,15.8,,80%,39,85%,20%,,
